{"axial": 0, "skull and contents": 1, "no": 2, "yes": 3, "sagittal": 4, "xr - plain film": 5, "musculoskeletal": 6, "coronal": 7, "gastrointestinal": 8, "lung, mediastinum, pleura": 9, "spine and contents": 10, "genitourinary": 11, "t2": 12, "ap": 13, "face, sinuses, and neck": 14, "us - ultrasound": 15, "lateral": 16, "t1": 17, "vascular and lymphatic": 18, "frontal": 19, "heart and great vessels": 20, "noncontrast": 21, "pulmonary embolism": 22, "pa": 23, "contrast": 24, "acute appendicitis": 25, "mr - flair": 26, "an - angiogram": 27, "transverse": 28, "ct noncontrast": 29, "breast": 30, "flair": 31, "adenocarcinoma of the lung": 32, "angiomyolipoma": 33, "oblique": 34, "sarcoidosis": 35, "mr - t2 weighted": 36, "cta - ct angiography": 37, "ct with iv contrast": 38, "osteochondroma": 39, "longitudinal": 40, "iv": 41, "meningioma": 42, "ankylosing spondylitis": 43, "neuroblastoma": 44, "partial anomalous pulmonary venous return": 45, "ct w/contrast (iv)": 46, "osteomyelitis": 47, "achalasia": 48, "hiatal hernia": 49, "renal cell carcinoma": 50, "diverticulitis": 51, "horseshoe kidney": 52, "ectopic pregnancy": 53, "epidural spinal hematoma": 54, "spine, epidural abscess": 55, "left aortic arch with aberrant right subclavian artery": 56, "mr - t1w - noncontrast": 57, "double aortic arch": 58, "pancreatic adenocarcinoma": 59, "synovial cyst": 60, "mr - dwi diffusion weighted": 61, "mr - t1w w/gadolinium": 62, "glioblastoma multiforme": 63, "colon cancer": 64, "hypertrophic pyloric stenosis": 65, "pericardial cyst": 66, "crohn's disease": 67, "c-spine fracture": 68, "hodgkin's lymphoma": 69, "schwannoma": 70, "fibrous dysplasia": 71, "intraosseous lipoma": 72, "dural fistula, avf": 73, "mammograph": 74, "mra - mr angiography/venography": 75, "osteoid osteoma": 76, "pulmonary sequestration": 77, "intussusception": 78, "enchondroma": 79, "diastematomyelia": 80, "tibial plateau fracture": 81, "bas - barium swallow": 82, "rheumatoid arthritis": 83, "mr - other pulse seq.": 84, "3d reconstruction": 85, "rickets": 86, "langerhan cell histiocytosis": 87, "coarctation of the aorta": 88, "enlarged subarachnoid space": 89, "pulmonary sarcoidosis": 90, "femoral neck stress fractures": 91, "mature cystic teratoma": 92, "duplicated inferior vena cava": 93, "spinal cord astrocytoma": 94, "epiploic appendagitis": 95, "avascular necrosis": 96, "ruptured appendicitis": 97, "tophaceous gout": 98, "appendicitis": 99, "ewing sarcoma": 100, "aneurysmal bone cyst": 101, "liver hemangioma": 102, "pulmonary arteriovenous malformation": 103, "osteogenesis imperfecta": 104, "pneumomediastinum": 105, "empyema": 106, "iatrogenic pneumoperitoneum": 107, "intralobar pulmonary sequestration": 108, "multiple myeloma": 109, "pheochromocytoma": 110, "nm - nuclear medicine": 111, "mr - pdw proton density": 112, "autosomal recessive polycystic kidney disease": 113, "lung adenocarcinoma and cns metastasis": 114, "nonossifying fibroma": 115, "leptomeningeal sarcoid": 116, "lipomatous hypertrophy of the interatrial septum": 117, "parathyroid adenoma": 118, "carotid artery dissection": 119, "aortic dissection, aortic tear": 120, "right aortic arch with aberrant left subclavian artery": 121, "abdominal aortic aneurysm": 122, "infiltrating ductal carcinoma": 123, "pseudomembranous colitis": 124, "pleomorphic \u00a0xanthoastrocytoma, pxa": 125, "wilms tumor": 126, "endometrial polyp": 127, "crohn disease": 128, "mr - adc map (app diff coeff)": 129, "duplicated renal collecting system": 130, "aberrant right subclavian artery (arsa)": 131, "osteochondritis dissecans": 132, "multiple osteochondromatosis": 133, "varicocele": 134, "aneurysm, cerebral": 135, "hepatic hemangioma": 136, "zenker's diverticulum": 137, "radial head fracture": 138, "ewing's sarcoma": 139, "traumatic transient lateral patellar dislocation.": 140, "transitional cell carcinoma, bladder": 141, "adpkd -autosomal dominant polycystic kidney disease": 142, "congenital cystic adenomatoid malformation": 143, "occult stress fracture": 144, "pneumonia": 145, "adrenal myelolipoma": 146, "fractures of the base of the fifth metatarsal": 147, "focal nodular hyperplasia": 148, "crossed fused ectopia": 149, "supracondylar fracture": 150, "aortic dissection": 151, "adenomyosis": 152, "endometrioma": 153, "pulmonary thromboembolism": 154, "hepatic adenoma": 155, "extramedullary hematopoiesis": 156, "stress fracture": 157, "benign cystic teratoma": 158, "medullary nephrocalcinosis": 159, "ugi - upper gi": 160, "arteriovenous malformation (avm)": 161, "segmental omental infarct": 162, "adrenal adenoma": 163, "azygous lobe": 164, "neurofibromatosis-1, nf1, nf-1": 165, "osteosarcoma": 166, "testicular microlithiasis": 167, "cholelithiasis": 168, "multiple hereditary exostosis": 169, "diffuse large b-cell lymphoma": 170, "small bowel lymphoma": 171, "sickle cell anemia": 172, "cystic fibrosis": 173, "amyloidosis": 174, "acute mesenteric ischemia": 175, "myelolipoma": 176, "portal vein thrombosis": 177, "scaphoid fracture": 178, "pneumopericardium": 179, "ct with gi and iv contrast": 180, "us-d - doppler ultrasound": 181, "arachnoid cyst": 182, "dermoid cyst": 183, "nodular sclerosing hodgkin\u2019s lymphoma": 184, "tuberous sclerosis": 185, "bucket handle meniscal tear of the knee": 186, "pneumothorax": 187, "aspergillosis and the air-crescent sign": 188, "simple bone cyst": 189, "intramedullary (intradural-intramedullary), spinal lesions": 190, "atlantoaxial instability": 191, "caudal regression syndrome": 192, "transmesenteric hernia (internal hernia), small bowel volvulus": 193, "hemangioma, soft-tissue": 194, "vertebral osteomyelitis and diskitis": 195, "epididymitis": 196, "necrotizing enterocolitis": 197, "fat necrosis": 198, "cervical spine fracture (unstable) with cord injury": 199, "gi and iv": 200, "ependymoma": 201, "pheochromocytoma, bilateral": 202, "spinal dural arteriovenous fistula": 203, "hemiazygous and azygous continuation of the inferior vena cava": 204, "histoplasmosis": 205, "kyphoplasty cement leak": 206, "abdominal abscess": 207, "talocalcaneal coalition": 208, "cavernous hemangioma": 209, "hepatocellular carcinoma and bone metastasis.": 210, "multiple sclerosis": 211, "brain, cerebral abscess": 212, "thymic cyst - benign mediastinal cysts": 213, "pancoast tumor": 214, "pulmonary embolus": 215, "testicular torsion": 216, "acute pyelonephritis": 217, "hereditary multiple exostoses": 218, "ovarian torsion": 219, "lumbar herniated disc": 220, "transitional cell carcinoma": 221, "breast implant, \u00a0rupture, extracapsular silicone": 222, "takayasu arteritis": 223, "inflammatory breast carcinoma": 224, "mycotic aneurysm": 225, "aortic coarctation": 226, "avascular necrosis of the femoral head": 227, "sickle cell disease": 228, "hydropneumothorax": 229, "clear cell chondrosarcoma": 230, "diffuse rhabdomyosarcoma": 231, "renal arteriovenous malformation": 232, "lisfranc fracture-dislocation": 233, "idiopathic synovial osteochondromatosis": 234, "duodenal diverticulum": 235, "ct - gi & iv contrast": 236, "mammo - cc": 237, "non-small cell lung cancer": 238, "quadriceps tendon rupture": 239, "congenital carpal fusion": 240, "round atelectasis": 241, "ventriculus terminalis": 242, "midgut malrotation": 243, "giant cell tumor": 244, "chondrocalcinosis": 245, "chance-type fracture": 246, "adenomyomatosis": 247, "orchitis": 248, "meniscal tear": 249, "bronchiectasis": 250, "omphalocele": 251, "right c6 radiculopathy and ankylosing spondylitis": 252, "choledocholithiasis": 253, "endograft leak": 254, "paget's disease": 255, "pulmonary arteriovenous malformation (pavm)": 256, "achilles tendon rupture": 257, "unicornuate uterus": 258, "transverse myelitis": 259, "be - barium enema": 260, "wilms tumor, stage iv": 261, "acute disseminated encephalomyelitis (adem)": 262, "invasive lobular carcinoma": 263, "odontoid fracture": 264, "spondylodiskitis with epidural abcess of the cervical spine": 265, "foregut cyst": 266, "cerebellar hemangioblastoma": 267, "sequestration, intralobar bronchopulmonary": 268, "calcific tendinitis": 269, "spine, spinal stenosis": 270, "avm, arterio-venous malformation, vascular malformation": 271, "comminuted fracture of medial femoral condyle. small joint effusion.": 272, "syringomyelia": 273, "pediatric pneumonia (round pneumonia)": 274, "uterine fibroid embolization": 275, "traumatic aortic injury": 276, "vacterl syndrome": 277, "nonspecific interstitial pneumonitis": 278, "cord infarct with secondary atrophy": 279, "mixed germ cell tumors of the testicle": 280, "tethered spinal cord with terminal spinal lipoma.": 281, "spinal cord abscess": 282, "atelectasis": 283, "sarcoid": 284, "paraesophageal hernia": 285, "poland's syndrome": 286, "intramedullary lipoma of the spinal cord": 287, "common carotid occlusion, collateral reconstitution of ipsilateral ica from vertebral artery muscular branches": 288, "incidental hepatic artery aneurysm": 289, "mammo - mlo": 290, "brain abscess, central nervous system": 291, "craniopharyngioma": 292, "portal venous thrombosis": 293, "spontaneous pneumomediastinum": 294, "traumatic carotid-cavernous fistula": 295, "metastatic disease from colonic carcinoma": 296, "dermoid cyst (cystic teratoma)": 297, "leptomeningeal carcinomatosis": 298, "acute pediatric osteomyelitis": 299, "pancreatic carcinoma": 300, "killian-jamieson diverticulum": 301, "cerebral infarction (stroke)": 302, "bronchial carcinoid": 303, "renal infarct": 304, "odontoid process fracture, type ii": 305, "liposarcoma, myxoid liposarcoma": 306, "nephrolithiasis": 307, "germinal matrix hemorrhage": 308, "acute disseminated encephalomyelitis": 309, "pneumocystis jiroveci (p. carinii) pneumonia": 310, "ganglioneuroma": 311, "renal disease in systemic lupus erythematosus (sle) versus c3 glomerulonephritis": 312, "chloroma": 313, "cecal volvulus": 314, "carcinoma, small cell": 315, "venous thromboembolism (vte)": 316, "left superior vena cava": 317, "hemophilia": 318, "abdominal compartment syndrome": 319, "multifocal bone infarcts (osteonecrosis) in a patient with systemic lupus erythematosus.": 320, "chiari i with cervical spine syrinx.": 321, "osteopoikilosis": 322, "subclavian steal syndrome": 323, "bilateral perched facets c5 c6 with spinal cord injury": 324, "spondylodiskitis": 325, "adenocarcinoma of the gastroesophageal junction": 326, "mesenteric adenitis": 327, "duplex kidney with ectopic ureterocele": 328, "leiomyosarcoma of the inferior vena cava": 329, "astrocytoma, grading and subtypes": 330, "hepatoblastoma": 331, "dnet (dysembryoplastic neuroepithelial tumor)": 332, "bilateral locked facets": 333, "intracranial lipoma": 334, "seminoma": 335, "paget disease of bone": 336, "medulloblastoma": 337, "intraventricular meningioma": 338, "inguinal hernia involving bladder": 339, "juvenile pilocytic astrocytoma": 340, "ulcerative colitis": 341, "diffuse idiopathic skeletal hyperostosis (dish), cervical and thoracic spine fractures": 342, "astrocytoma, low-grade (who 2), supratentorial": 343, "ependymoma cervical spinal cord": 344, "posterior reversible encephalopathy syndrome (pres)": 345, "hereditary hemorrhagic telangiectasia (hht) and pulmonary arteriovenous malformation (avm)- osler-weber-rendu": 346, "classical hodgkins lymphoma, nodular sclerosis subtype": 347, "aortic pseudoaneurysm": 348, "aortic nipple": 349, "ollier's disease, enchondormatosis": 350, "lymphangioma": 351, "esophageal foreign body - coin ingestion": 352, "foreign body aspiration": 353, "pyogenic discitis": 354, "acute calculous cholecystitis": 355, "ct evaluation of acute cholecystitis": 356, "bronchogenic carcinoma": 357, "tethered spinal cord with terminal spinal lipoma": 358, "mixed germ cell testicular tumor": 359, "tension pneumothorax": 360, "motor vehicle accidents and instrument failure": 361, "parsonage-turner syndrome": 362, "deep venous thrombosis": 363, "pott's disease": 364, "lateral femoral notch sign": 365, "basic chest imaging review, search pattern, required structures": 366, "autosomal dominant polycystic kidney disease": 367, "hodgkins lymphoma (nodular lymphocytic predominant)": 368, "erosive osteoarthritis": 369, "mr - t1w w/gd (fat suppressed)": 370, "sbft - small bowel": 371, "atypical teratoid/rhabdoid tumor": 372, "dural sinus thrombosis": 373, "pilomyxoid astrocytoma (pma), who grade 2": 374, "epidermoid cyst": 375, "osteiitis condensans ilii": 376, "intracranial hypotension": 377, "colloid (neuroepithelial) cyst of the third ventricle": 378, "anoxic brain injury, anoxia": 379, "biliary leak, status post laparoscopic cholecystectomy": 380, "lipoma arborescens": 381, "bicornuate uterus": 382, "atrial septal defect": 383, "amyand's hernia": 384, "fibromatosis coli": 385, "capillary hemangioma": 386, "hypoplastic cervical pedicle c3 on right": 387, "clear cell sarcoma of the kidney": 388, "lymphangitic carcinomatosis": 389, "large cell lymphoma, of the b-cell phenotype (cd20 positive).": 390, "ovarian dermoid (cystic teratoma)": 391, "classic bosniak class iii complex renal cyst": 392, "mr t2* gradient,gre,mpgr,swan,swi": 393, "hyperdense middle cerebral artery sign": 394, "esophageal b-cell lymphoma": 395, "cerebral infarction": 396, "vestibular schwannoma": 397, "adult medulloblastoma": 398, "neurosarcoid, cns sarcoid": 399, "blowout fracture of orbit": 400, "malignant peripheral nerve sheath tumor (mpnst)": 401, "pilocytic astrocytoma": 402, "brain abscess (gram positive cocci)": 403, "choroid plexus neoplasm, papilloma, carcinoma": 404, "pituitary apoplexy": 405, "chondrosarcoma": 406, "langerhans cell histiocytosis": 407, "torch infections": 408, "spontaneous osteonecrosis of the knee": 409, "appendiceal rupture": 410, "vertebral artery dissection with cerebellar infarction": 411, "papillary glioneuronal tumor": 412, "gallbladder polyp": 413, "renal oncocytoma": 414, "oropharyngeal cancer": 415, "orbit,  hemangioma": 416, "pulmonary lymphangioleiomyomatosis (lam)": 417, "intramuscular hemangioma": 418, "pneumoperitoneum": 419, "anterior mediastinal mass differential diagnosis": 420, "cirrhosis of the liver": 421, "incarcerated diaphragmatic hernia presenting as colonic obstruction.": 422, "malignant germ cell tumor (mixed)": 423, "pulmonary embolus and external iliac vein thrombosis diagnosed by spiral ct": 424, "small cell lung carcinoma (sclc)": 425, "pancreatic mucinous cystic neoplasm": 426, "kohler's disease": 427, "torus fracture/buckle fracture of the distal radius": 428, "mr - stir": 429, "orbital retrobulbar dermoid cyst": 430, "paradoxic embolization, patent foramen ovale, cerebral infarction": 431, "emphysematous cholecystitis": 432, "acute myelogenous leukemia, aml": 433, "choroid plexus papilloma": 434, "toxoplasmosis": 435, "supra-renal inferior vena cava clot": 436, "childhood brain tumors, epidemiology, demographics": 437, "rupture of cerebral abscess into the ventricular system (pyocephalus)": 438, "hypoxic/ischemic encephalopathy": 439, "pituitary macroadenoma": 440, "central neurocytoma": 441, "arteriovenous malformation": 442, "necrotizing fasciitis": 443, "lobar holoprosencephaly": 444, "intracranial venous thrombosis": 445, "agenesis of the corpus callosum": 446, "ependymal neoplasms, ependymoma": 447, "fronto-nasal encephalocele": 448, "retinoblastoma": 449, "hydronephrosis": 450, "granular cell tumor": 451, "intravascular lymphomatosis": 452, "stage i pulmonary sarcoidosis": 453, "metastatic breast cancer to lungs - nodules": 454, "hiatus hernia": 455, "UNKNOWN": 456}