{"axial": 0, "skull and contents": 1, "no": 2, "yes": 3, "sagittal": 4, "xr - plain film": 5, "musculoskeletal": 6, "coronal": 7, "gastrointestinal": 8, "mri": 9, "ct": 10, "lung, mediastinum, pleura": 11, "spine and contents": 12, "magnetic resonance imaging": 13, "genitourinary": 14, "t2": 15, "ap": 16, "face, sinuses, and neck": 17, "us - ultrasound": 18, "lateral": 19, "abdominal ct": 20, "t1": 21, "vascular and lymphatic": 22, "frontal": 23, "heart and great vessels": 24, "ct scan of the abdomen": 25, "coronal ct": 26, "noncontrast": 27, "pulmonary embolism": 28, "chest ct": 29, "pa": 30, "contrast": 31, "acute appendicitis": 32, "mr - flair": 33, "an - angiogram": 34, "transverse": 35, "ct abdomen": 36, "ct chest": 37, "brain mri": 38, "ct noncontrast": 39, "breast": 40, "mri brain": 41, "ct scan": 42, "ct scan of the chest": 43, "flair": 44, "ct scan of abdomen": 45, "adenocarcinoma of the lung": 46, "contrast enhanced ct scan": 47, "ct image": 48, "the ct scan": 49, "angiomyolipoma": 50, "oblique": 51, "ct with iv contrast": 52, "sarcoidosis": 53, "axial ct": 54, "mr - t2 weighted": 55, "meningioma": 56, "cta - ct angiography": 57, "osteochondroma": 58, "thoracic ct": 59, "the tumor": 60, "longitudinal": 61, "iv": 62, "osteomyelitis": 63, "ankylosing spondylitis": 64, "horseshoe kidney": 65, "neuroblastoma": 66, "mri of the brain": 67, "partial anomalous pulmonary venous return": 68, "ct w/contrast (iv)": 69, "achalasia": 70, "hiatal hernia": 71, "renal cell carcinoma": 72, "ct of the abdomen": 73, "diverticulitis": 74, "ectopic pregnancy": 75, "epidural spinal hematoma": 76, "spine, epidural abscess": 77, "left aortic arch with aberrant right subclavian artery": 78, "mr - t1w - noncontrast": 79, "double aortic arch": 80, "ct scan of the pelvis": 81, "coronal mri": 82, "pancreatic adenocarcinoma": 83, "synovial cyst": 84, "mr - dwi diffusion weighted": 85, "mr - t1w w/gadolinium": 86, "glioblastoma multiforme": 87, "colon cancer": 88, "intussusception": 89, "t2 weighted magnetic resonance imaging": 90, "tumor": 91, "ct brain": 92, "mri spine": 93, "the mri": 94, "hypertrophic pyloric stenosis": 95, "pericardial cyst": 96, "crohn's disease": 97, "c-spine fracture": 98, "abdominal aortic aneurysm": 99, "hodgkin's lymphoma": 100, "schwannoma": 101, "fibrous dysplasia": 102, "intraosseous lipoma": 103, "dural \u00a0fistula, avf": 104, "enhanced ct": 105, "mammograph": 106, "mra - mr angiography/venography": 107, "osteoid osteoma": 108, "pulmonary sequestration": 109, "enchondroma": 110, "diastematomyelia": 111, "tibial plateau fracture": 112, "mri image": 113, "ct thorax": 114, "ct scan of the thorax": 115, "sagittal mri": 116, "gas": 117, "the ct image": 118, "bas - barium swallow": 119, "pneumomediastinum": 120, "rheumatoid arthritis": 121, "mr - other pulse seq.": 122, "3d reconstruction": 123, "rickets": 124, "langerhan cell histiocytosis": 125, "coarctation of the aorta": 126, "parathyroid adenoma": 127, "enlarged subarachnoid space": 128, "pulmonary sarcoidosis": 129, "femoral neck stress fractures": 130, "mature cystic teratoma": 131, "duplicated inferior vena cava": 132, "spinal cord astrocytoma": 133, "epiploic appendagitis": 134, "magnetic resonance imaging of the brain": 135, "avascular necrosis": 136, "ruptured appendicitis": 137, "tophaceous gout": 138, "appendicitis": 139, "ewing sarcoma": 140, "aneurysmal bone cyst": 141, "the mass": 142, "t2 weighted mri": 143, "postoperative ct": 144, "a mass": 145, "contrast enhanced ct of the abdomen": 146, "air": 147, "the lesion": 148, "liver hemangioma": 149, "pulmonary arteriovenous malformation": 150, "osteogenesis imperfecta": 151, "empyema": 152, "iatrogenic pneumoperitoneum": 153, "intralobar pulmonary sequestration": 154, "bronchiectasis": 155, "multiple myeloma": 156, "pheochromocytoma": 157, "nm - nuclear medicine": 158, "mr - pdw proton density": 159, "autosomal recessive polycystic kidney disease": 160, "lung adenocarcinoma and cns metastasis": 161, "nonossifying fibroma": 162, "leptomeningeal sarcoid": 163, "lipomatous hypertrophy of the interatrial septum": 164, "carotid artery dissection": 165, "aortic dissection, aortic tear": 166, "right aortic arch with aberrant left subclavian artery": 167, "infiltrating ductal carcinoma": 168, "pseudomembranous colitis": 169, "pleomorphic \u00a0xanthoastrocytoma, pxa": 170, "wilms tumor": 171, "endometrial polyp": 172, "crohn disease": 173, "mr - adc map (app diff coeff)": 174, "duplicated renal collecting system": 175, "aberrant right subclavian artery (arsa)": 176, "osteochondritis dissecans": 177, "multiple osteochondromatosis": 178, "varicocele": 179, "aneurysm, cerebral": 180, "hepatic hemangioma": 181, "zenker's diverticulum": 182, "pulmonary embolus": 183, "radial head fracture": 184, "ewing's sarcoma": 185, "traumatic transient lateral patellar dislocation.": 186, "transitional cell carcinoma, bladder": 187, "adpkd -autosomal dominant polycystic kidney disease": 188, "congenital cystic adenomatoid malformation": 189, "occult stress fracture": 190, "pneumonia": 191, "a ct scan": 192, "an abscess": 193, "3d ct": 194, "ct scan of brain": 195, "mri t2 weighted image": 196, "abdominal mri": 197, "sagittal t2 weighted mri": 198, "of the mass": 199, "contrast enhanced ct": 200, "ct images": 201, "brain ct": 202, "axial contrast enhanced ct scans": 203, "in the right mandible": 204, "ct urogram": 205, "t2 weighted image": 206, "in the right lobe of the liver": 207, "cardiac mri": 208, "adrenal myelolipoma": 209, "fractures of the base of the fifth metatarsal": 210, "focal nodular hyperplasia": 211, "crossed fused ectopia": 212, "supracondylar fracture": 213, "aortic dissection": 214, "adenomyosis": 215, "endometrioma": 216, "pulmonary thromboembolism": 217, "hepatic adenoma": 218, "extramedullary hematopoiesis": 219, "stress fracture": 220, "benign cystic teratoma": 221, "medullary nephrocalcinosis": 222, "ugi - upper gi": 223, "arteriovenous malformation (avm)": 224, "segmental omental infarct": 225, "adrenal adenoma": 226, "azygous lobe": 227, "neurofibromatosis-1, nf1, nf-1": 228, "osteosarcoma": 229, "testicular microlithiasis": 230, "cholelithiasis": 231, "multiple hereditary exostosis": 232, "diffuse large b-cell lymphoma": 233, "small bowel lymphoma": 234, "sickle cell anemia": 235, "syringomyelia": 236, "cystic fibrosis": 237, "amyloidosis": 238, "acute mesenteric ischemia": 239, "myelolipoma": 240, "portal vein thrombosis": 241, "scaphoid fracture": 242, "pneumopericardium": 243, "ct with gi and iv contrast": 244, "us-d - doppler ultrasound": 245, "arachnoid cyst": 246, "dermoid cyst": 247, "nodular sclerosing hodgkin\u2019s lymphoma": 248, "tuberous sclerosis": 249, "bucket handle meniscal tear of the knee": 250, "leptomeningeal carcinomatosis": 251, "pneumothorax": 252, "aspergillosis and the air-crescent sign": 253, "simple bone cyst": 254, "intramedullary (intradural-intramedullary), spinal lesions": 255, "atlantoaxial instability": 256, "caudal regression syndrome": 257, "transmesenteric hernia (internal hernia), small bowel volvulus": 258, "cecal volvulus": 259, "hemangioma, soft-tissue": 260, "vertebral osteomyelitis and diskitis": 261, "epididymitis": 262, "necrotizing enterocolitis": 263, "fat necrosis": 264, "hydrocephalus": 265, "cervical spine fracture (unstable) with cord injury": 266, "mri coronal view": 267, "gi and iv": 268, "ependymoma": 269, "pheochromocytoma, bilateral": 270, "spinal dural arteriovenous fistula": 271, "hemiazygous and azygous continuation of the inferior vena cava": 272, "histoplasmosis": 273, "kyphoplasty cement leak": 274, "abdominal abscess": 275, "talocalcaneal coalition": 276, "cavernous hemangioma": 277, "hepatocellular carcinoma and bone metastasis.": 278, "multiple sclerosis": 279, "brain, cerebral abscess": 280, "thymic cyst - benign mediastinal cysts": 281, "pancoast tumor": 282, "testicular torsion": 283, "acute pyelonephritis": 284, "hereditary multiple exostoses": 285, "ovarian torsion": 286, "lumbar herniated disc": 287, "transitional cell carcinoma": 288, "breast implant, \u00a0rupture, extracapsular silicone": 289, "takayasu arteritis": 290, "inflammatory breast carcinoma": 291, "mycotic aneurysm": 292, "aortic coarctation": 293, "avascular necrosis of the femoral head": 294, "sickle cell disease": 295, "hydropneumothorax": 296, "clear cell chondrosarcoma": 297, "diffuse rhabdomyosarcoma": 298, "renal arteriovenous malformation": 299, "lisfranc fracture-dislocation": 300, "idiopathic synovial osteochondromatosis": 301, "duodenal diverticulum": 302, "an axial ct image": 303, "chest ct scan": 304, "flair mri": 305, "brain magnetic resonance imaging": 306, "abdominal ct scan": 307, "contrast enhanced ct scan of the abdomen": 308, "pet ct": 309, "oblique coronal plane magnetic resonance imaging": 310, "in the liver": 311, "t2 weighted coronal mri scan": 312, "contrast ct thorax": 313, "ct angiogram": 314, "ct scan of thorax": 315, "mri brain with contrast": 316, "postoperative mri": 317, "3d ct scan": 318, "axial ct section": 319, "magnetic resonance imaging of brain": 320, "ct scan of the brain": 321, "mri cervical spine": 322, "the abdominal ct": 323, "preoperative ct": 324, "the knee": 325, "mass": 326, "axial contrast enhanced ct scan": 327, "Axial contrast-enhanced CT scan": 328, "ct image from spect ct": 329, "t2 weighted magnetic resonance image": 330, "coronal t2 weighted magnetic resonance image": 331, "post operative ct scan": 332, "ct scan of neck": 333, "t2 weighted mri image": 334, "coronal t2 weighted mri": 335, "ct scan of the neck": 336, "a tumor": 337, "ct - gi & iv contrast": 338, "mammo - cc": 339, "non-small cell lung cancer": 340, "quadriceps tendon rupture": 341, "congenital carpal fusion": 342, "round atelectasis": 343, "ventriculus terminalis": 344, "midgut malrotation": 345, "giant cell tumor": 346, "chondrocalcinosis": 347, "chance-type fracture": 348, "adenomyomatosis": 349, "orchitis": 350, "meniscal tear": 351, "omphalocele": 352, "right c6 radiculopathy and ankylosing spondylitis": 353, "choledocholithiasis": 354, "endograft leak": 355, "paget's disease": 356, "pulmonary arteriovenous malformation (pavm)": 357, "achilles tendon rupture": 358, "unicornuate uterus": 359, "transverse myelitis": 360, "be - barium enema": 361, "wilms tumor, stage iv": 362, "acute disseminated encephalomyelitis (adem)": 363, "invasive lobular carcinoma": 364, "odontoid fracture": 365, "spondylodiskitis with epidural abcess of the cervical spine": 366, "foregut cyst": 367, "cerebellar hemangioblastoma": 368, "sequestration, intralobar bronchopulmonary": 369, "calcific tendinitis": 370, "spine, spinal stenosis": 371, "avm, arterio-venous malformation, vascular malformation": 372, "comminuted fracture of medial femoral condyle. small joint effusion.": 373, "pediatric pneumonia (round pneumonia)": 374, "uterine fibroid embolization": 375, "traumatic aortic injury": 376, "vacterl syndrome": 377, "nonspecific interstitial pneumonitis": 378, "cord infarct with secondary atrophy": 379, "mixed germ cell tumors of the testicle": 380, "tethered spinal cord with terminal spinal lipoma.": 381, "spinal cord abscess": 382, "pneumoperitoneum": 383, "atelectasis": 384, "sarcoid": 385, "paraesophageal hernia": 386, "poland's syndrome": 387, "intramedullary lipoma of the spinal cord": 388, "common carotid occlusion, collateral reconstitution of ipsilateral ica from vertebral artery muscular branches": 389, "incidental hepatic artery aneurysm": 390, "mammo - mlo": 391, "brain abscess, central nervous system": 392, "craniopharyngioma": 393, "portal venous thrombosis": 394, "spontaneous pneumomediastinum": 395, "traumatic carotid-cavernous fistula": 396, "metastatic disease from colonic carcinoma": 397, "dermoid cyst (cystic teratoma)": 398, "acute pediatric osteomyelitis": 399, "pancreatic carcinoma": 400, "killian-jamieson diverticulum": 401, "cerebral infarction (stroke)": 402, "bronchial carcinoid": 403, "renal infarct": 404, "odontoid process fracture, type ii": 405, "liposarcoma, myxoid liposarcoma": 406, "nephrolithiasis": 407, "germinal matrix hemorrhage": 408, "acute disseminated encephalomyelitis": 409, "pneumocystis jiroveci (p. carinii) pneumonia": 410, "ganglioneuroma": 411, "renal disease in systemic lupus erythematosus (sle) versus c3 glomerulonephritis": 412, "chloroma": 413, "hydronephrosis": 414, "carcinoma, small cell": 415, "venous thromboembolism (vte)": 416, "left superior vena cava": 417, "hemophilia": 418, "abdominal compartment syndrome": 419, "multifocal bone infarcts (osteonecrosis) in a patient with systemic lupus erythematosus.": 420, "chiari i with cervical spine syrinx.": 421, "osteopoikilosis": 422, "subclavian steal syndrome": 423, "bilateral perched facets c5 c6 with spinal cord injury": 424, "spondylodiskitis": 425, "adenocarcinoma of the gastroesophageal junction": 426, "mesenteric adenitis": 427, "duplex kidney with ectopic ureterocele": 428, "leiomyosarcoma of the inferior vena cava": 429, "mri scan of the thorax": 430, "neck ct": 431, "magnetic resonance imaging image": 432, "cerebral edema": 433, "astrocytoma, grading and subtypes": 434, "hepatoblastoma": 435, "dnet (dysembryoplastic neuroepithelial tumor)": 436, "bilateral locked facets": 437, "intracranial lipoma": 438, "seminoma": 439, "paget disease of bone": 440, "medulloblastoma": 441, "intraventricular meningioma": 442, "inguinal hernia involving bladder": 443, "juvenile pilocytic astrocytoma": 444, "ulcerative colitis": 445, "diffuse idiopathic skeletal hyperostosis (dish), cervical and thoracic spine fractures": 446, "astrocytoma, low-grade (who 2), supratentorial": 447, "ependymoma cervical spinal cord": 448, "posterior reversible encephalopathy syndrome (pres)": 449, "hereditary hemorrhagic telangiectasia (hht) and pulmonary arteriovenous malformation (avm)- osler-weber-rendu": 450, "classical hodgkins lymphoma, nodular sclerosis subtype": 451, "aortic pseudoaneurysm": 452, "aortic nipple": 453, "ollier's disease, enchondormatosis": 454, "lymphangioma": 455, "esophageal foreign body - coin ingestion": 456, "foreign body aspiration": 457, "pyogenic discitis": 458, "acute calculous cholecystitis": 459, "ct evaluation of acute cholecystitis": 460, "bronchogenic carcinoma": 461, "tethered spinal cord with terminal spinal lipoma": 462, "mixed germ cell testicular tumor": 463, "tension pneumothorax": 464, "motor vehicle accidents and instrument failure": 465, "parsonage-turner syndrome": 466, "deep venous thrombosis": 467, "pott's disease": 468, "lateral femoral notch sign": 469, "basic chest imaging review, search pattern, required structures": 470, "autosomal dominant polycystic kidney disease": 471, "hodgkin\u2019s lymphoma (nodular lymphocytic predominant)": 472, "erosive osteoarthritis": 473, "incisional lumbar hernia": 474, "perinephric fluid surrounding renal cortex and parapelvic fluid": 475, "a subglottic mass and anterior tracheal wall thickening with some calcifications": 476, "axial ct scan of the neck": 477, "significant enhancement of the mass": 478, "progression of disease": 479, "in the right lower quadrant": 480, "an ectopic pelvic location of the kidney": 481, "The trial femoral head": 482, "magnetic resonance imaging t2 sagittal section": 483, "mri of brain": 484, "brain": 485, "a chest ct": 486, "high attenuation areas in the ventricles": 487, "unilocular subcapsular fluid filled collection in the right lobe of the liver": 488, "mri t2 coronal and transversal sequences": 489, "pelvic magnetic resonance imaging": 490, "on the left side of the image": 491, "left frontal focal area of acute ischemic infarction, and right parietal periventricular white matter old infarction": 492, "a large, well-defined mass lesion in left thalamic region": 493, "a contrast enhanced ct scan": 494, "ct scan of abdomen and pelvis": 495, "at the pancreas head and uncinate process": 496, "a large mass": 497, "the thickening": 498, "of the lesion": 499, "the jejunal varices": 500, "mri of the chest": 501, "t2 weighted mri of the brain": 502, "in the right temporal lobe": 503, "in the cerebellum": 504, "the mass in suprarenal area": 505, "congenital heart disease": 506, "chest ct angiography": 507, "the CT after surgery": 508, "in the bladder and the bladder wall": 509, "reparation of the lesion of the proximal insertion of the mcl": 510, "sagittal section of mri": 511, "superior mesenteric vein thrombosis": 512, "of the kidney": 513, "in the left upper lobe": 514, "ruptured meniscofibular ligament": 515, "coronal t2w fat suppressed mri": 516, "cardiac magnetic resonance image": 517, "contrast enhanced t1w coronal mri": 518, "pre operative mri coronal view": 519, "a posterior disc herniation": 520, "into right l4 l5 foramen": 521, "wedge shaped non enhancing defect involving left inter polar region suggesting renal infarction": 522, "mri abdomen": 523, "cect scan": 524, "the three testicles in the scrotum": 525, "a large fluid collection arising from left thyroid mass": 526, "contrast ct": 527, "cerebral mri": 528, "of bowel": 529, "the pericardial cyst": 530, "the chest ct": 531, "on the right side": 532, "on top of the dilated cervix": 533, "mri scan of the brain": 534, "an irregularly shaped, 2,5 cm tumor": 535, "contrast enhanced ct image": 536, "transverse ct image": 537, "t2-weighed sagittal mri": 538, "diffusion mri brain without contrast": 539, "in the ct of the chest": 540, "mri t1w image": 541, "solid tumors": 542, "ct scannogram": 543, "of the right iliac crest": 544, "lesion": 545, "a large caudate lobe liver mass involving the gall bladder and common bile duct": 546, "multiple loculated lesions within the liver": 547, "a cyst within a cyst": 548, "axial magnetic resonance imaging": 549, "the splenic flexure": 550, "multiple nodules in the stomach with marked thickening of the antrum": 551, "sagittal t1w mri": 552, "axial magnetic resonance image": 553, "plain ct": 554, "the course of the right third nerve": 555, "preoperative mri": 556, "of lesion": 557, "on the left side": 558, "a large saccular lesion": 559, "marked effusion over left hip joint": 560, "two hemicords separated by spur": 561, "of buccal and lingual cortical plates": 562, "sagittal ct": 563, "preoperative lumbar magnetic resonance imaging": 564, "of the tracheal wall": 565, "ct angiography of the chest": 566, "magnetic resonance imaging scan of the lumbosacral spine": 567, "cross section ct": 568, "cranial mri": 569, "in sigmoid sinus": 570, "mri picture": 571, "contrast-enhanced ct scan": 572, "bilateral ovarian masses": 573, "of the cyst": 574, "mri thoracolumbar spine": 575, "at the level of c6 c7": 576, "an initial downsizing of the lesion": 577, "multiple nodules": 578, "infiltration of the jugal and temporozygomatic soft parts": 579, "axial t2 weighted image of magnetic resonance imaging of the brain": 580, "at l5 s1 level": 581, "lingular tonsillar involvement": 582, "abdominopelvic ct": 583, "in the right lower lobe": 584, "over left hip joint": 585, "the gastric adenocarcinoma of the antrum": 586, "mri axial t2 flair section": 587, "pulmonary ct angiography": 588, "ct coronal": 589, "brain mri with contrast": 590, "axial contrast enhanced ct scan of the larynx": 591, "heterogeneous contrast enhancement and necrotic areas": 592, "in right temporoparietal region": 593, "axial flair mri brain": 594, "ct 3d reconstruction": 595, "the involvement of the right iliac crest": 596, "abnormal signals in sigmoid sinus": 597, "in the rv free wall": 598, "with a midline shift": 599, "mri neck": 600, "spiral ct scan of the chest": 601, "contrast enhanced ct scan of the chest": 602, "in gallbladder": 603, "mri t2 cuts": 604, "axial mri": 605, "mri of the lower abdomen and pelvis": 606, "a hyper dense mass": 607, "crescent-shaped fibrotic tissue in theposterior region of the left bulbus oculi": 608, "a mass that demonstrates moderate homogenous hyperintensity": 609, "ct scan of the head": 610, "within the pelvis": 611, "the generalized ascending aortic dilatation": 612, "a ct scan of the abdomen": 613, "solid cystic lesion, solid component": 614, "non contrast chest ct": 615, "the dimensions of the tumor": 616, "at the level of t7, t8 and t9": 617, "a hyperintense right suprarenal mass": 618, "in the right breast": 619, "the central canal": 620, "an abdominal ct scan": 621, "contrast ct abdomen and pelvis": 622, "perineural cyst": 623, "mri of the left thigh": 624, "in the nasopharynx": 625, "the left knee": 626, "in the right maxillary sinus": 627, "a uterus with dilated cavity": 628, "abnormal signal intensity": 629, "hrct scan obtained with lung window": 630, "axial contrast-enhanced ct scan": 631, "bilateral internal laryngoceles": 632, "sagittal t2 weighted mri scan": 633, "axial t2 weighted with fat suppression magnetic resonance imaging scan": 634, "a contrast enhanced ct of the abdomen": 635, "ct pns": 636, "non contrast brain ct": 637, "enhancement of the left optic nerve": 638, "a heterogeneous soft tissue mass": 639, "putamen necrosis": 640, "Preoperative CT scan": 641, "old tuberculosis": 642, "mr - t1w w/gd (fat suppressed)": 643, "sbft - small bowel": 644, "atypical teratoid/rhabdoid tumor": 645, "dural sinus thrombosis": 646, "pilomyxoid astrocytoma (pma), who grade 2": 647, "epidermoid cyst": 648, "osteiitis condensans ilii": 649, "hypothalamic hamartoma": 650, "intracranial hypotension": 651, "colloid (neuroepithelial) cyst of the third ventricle": 652, "anoxic brain injury, anoxia": 653, "biliary leak, status post laparoscopic cholecystectomy": 654, "lipoma arborescens": 655, "bicornuate uterus": 656, "atrial septal defect": 657, "amyand's hernia": 658, "fibromatosis coli": 659, "capillary hemangioma": 660, "hypoplastic cervical pedicle c3 on right": 661, "clear cell sarcoma of the kidney": 662, "lymphangitic carcinomatosis": 663, "large cell lymphoma, of the b-cell phenotype (cd20 positive).": 664, "ovarian dermoid (cystic teratoma)": 665, "classic bosniak class iii complex renal cyst": 666, "mr t2* gradient,gre,mpgr,swan,swi": 667, "hyperdense middle cerebral artery sign": 668, "esophageal b-cell lymphoma": 669, "cerebral infarction": 670, "vestibular schwannoma": 671, "adult medulloblastoma": 672, "neurosarcoid, cns sarcoid": 673, "chordoma": 674, "blowout fracture of orbit": 675, "malignant peripheral nerve sheath tumor (mpnst)": 676, "pilocytic astrocytoma": 677, "brain abscess (gram positive cocci)": 678, "choroid plexus neoplasm, papilloma, carcinoma": 679, "pituitary apoplexy": 680, "chondrosarcoma": 681, "langerhans cell histiocytosis": 682, "torch infections": 683, "spontaneous osteonecrosis of the knee": 684, "appendiceal rupture": 685, "vertebral artery dissection with cerebellar infarction": 686, "papillary glioneuronal tumor": 687, "gallbladder polyp": 688, "renal oncocytoma": 689, "oropharyngeal cancer": 690, "orbit, \u00a0hemangioma": 691, "pulmonary lymphangioleiomyomatosis (lam)": 692, "intramuscular hemangioma": 693, "anterior mediastinal mass differential diagnosis": 694, "cirrhosis of the liver": 695, "incarcerated diaphragmatic hernia presenting as colonic obstruction.": 696, "malignant germ cell tumor (mixed)": 697, "pulmonary embolus and external iliac vein thrombosis diagnosed by spiral ct": 698, "small cell lung carcinoma (sclc)": 699, "pancreatic mucinous cystic neoplasm": 700, "kohler's disease": 701, "torus fracture/buckle fracture of the distal radius": 702, "mr - stir": 703, "orbital retrobulbar dermoid cyst": 704, "paradoxic embolization, patent foramen ovale, cerebral infarction": 705, "emphysematous cholecystitis": 706, "acute myelogenous leukemia, aml": 707, "choroid plexus papilloma": 708, "toxoplasmosis": 709, "supra-renal inferior vena cava clot": 710, "childhood brain tumors, epidemiology, demographics": 711, "rupture of cerebral abscess into the ventricular system (pyocephalus)": 712, "hypoxic/ischemic encephalopathy": 713, "pituitary macroadenoma": 714, "central neurocytoma": 715, "arteriovenous malformation": 716, "necrotizing fasciitis": 717, "pleural effusion": 718, "lobar holoprosencephaly": 719, "intracranial venous thrombosis": 720, "agenesis of the corpus callosum": 721, "ependymal neoplasms, ependymoma": 722, "fronto-nasal encephalocele": 723, "retinoblastoma": 724, "granular cell tumor": 725, "intravascular lymphomatosis": 726, "situs inversus": 727, "subdural hematoma": 728, "septate uterus": 729, "stage i pulmonary sarcoidosis": 730, "metastatic breast cancer to lungs - nodules": 731, "hiatus hernia": 732, "with muscle belly of normal signal and volume": 733, "right sided pleural effusion": 734, "hypoplasia of the vertebral body associated with defective ossification of the pedicle, lamina and the spinous process": 735, "mri right shoulder": 736, "microscopic ct image of the osteosponge": 737, "a normal hepatobiliary tree": 738, "total left hemisphere encephalomalasia which looked like the previous cranial ct": 739, "an abscess in the caudate lobe of the liver causing extrinsic compression of the intrahepatic part of the inferior vena cava": 740, "a small, low intensity area in the right thalamus": 741, "throughout the left basal ganglia": 742, "non enhancing lesion in the tail of pancreas": 743, "mri ls spine t1w sagittal": 744, "the effusion": 745, "without any vascular abnormality": 746, "a large breast mass associated with pathological enlarged lymph nodes in the right axilla": 747, "at the craniovertebral junction": 748, "an axial ct with contrast": 749, "high signal intensity in right parieto temporal white matter": 750, "in the uncinate process of the pancreas": 751, "brain MRI views without contrast": 752, "on short axis slices of mri": 753, "MRI of the brain horizontal view": 754, "pseudomyxoma peritonei with mucin septations": 755, "a large diffuse mass in the superior mediastinum": 756, "right m1 ruptured mycotic aneurysm": 757, "in the medial malleolus": 758, "t2w sagittal magnetic resonance image in flexion": 759, "of the cortical bone in the right mandibular ramus": 760, "UNKNOWN": 761}