{"pulmonary embolism": 0, "acute appendicitis": 1, "angiomyolipoma": 2, "adenocarcinoma of the lung": 3, "osteochondroma": 4, "sarcoidosis": 5, "partial anomalous pulmonary venous return": 6, "hiatal hernia": 7, "achalasia": 8, "ankylosing spondylitis": 9, "neuroblastoma": 10, "renal cell carcinoma": 11, "horseshoe kidney": 12, "yes": 13, "osteomyelitis": 14, "no": 15, "ectopic pregnancy": 16, "epidural spinal hematoma": 17, "double aortic arch": 18, "spine, epidural abscess": 19, "left aortic arch with aberrant right subclavian artery": 20, "pericardial cyst": 21, "diverticulitis": 22, "colon cancer": 23, "synovial cyst": 24, "pancreatic adenocarcinoma": 25, "crohn's disease": 26, "tibial plateau fracture": 27, "intussusception": 28, "intraosseous lipoma": 29, "c-spine fracture": 30, "hypertrophic pyloric stenosis": 31, "epiploic appendagitis": 32, "enlarged subarachnoid space": 33, "hodgkin's lymphoma": 34, "pulmonary sarcoidosis": 35, "femoral neck stress fractures": 36, "pulmonary sequestration": 37, "aneurysmal bone cyst": 38, "coarctation of the aorta": 39, "diastematomyelia": 40, "dural \u00a0fistula, avf": 41, "enchondroma": 42, "ruptured appendicitis": 43, "osteoid osteoma": 44, "intralobar pulmonary sequestration": 45, "ewing sarcoma": 46, "appendicitis": 47, "mature cystic teratoma": 48, "multiple myeloma": 49, "spinal cord astrocytoma": 50, "rheumatoid arthritis": 51, "aortic dissection, aortic tear": 52, "duplicated inferior vena cava": 53, "abdominal aortic aneurysm": 54, "pulmonary arteriovenous malformation": 55, "pneumomediastinum": 56, "pneumonia": 57, "iatrogenic pneumoperitoneum": 58, "pleomorphic \u00a0xanthoastrocytoma, pxa": 59, "benign cystic teratoma": 60, "congenital cystic adenomatoid malformation": 61, "pheochromocytoma": 62, "right aortic arch with aberrant left subclavian artery": 63, "avascular necrosis": 64, "osteogenesis imperfecta": 65, "medullary nephrocalcinosis": 66, "lung adenocarcinoma and cns metastasis": 67, "autosomal recessive polycystic kidney disease": 68, "occult stress fracture": 69, "empyema": 70, "transitional cell carcinoma, bladder": 71, "leptomeningeal sarcoid": 72, "zenker's diverticulum": 73, "varicocele": 74, "endometrial polyp": 75, "pseudomembranous colitis": 76, "traumatic transient lateral patellar dislocation.": 77, "wilms tumor": 78, "rickets": 79, "tophaceous gout": 80, "parathyroid adenoma": 81, "crohn disease": 82, "adrenal adenoma": 83, "infiltrating ductal carcinoma": 84, "cystic fibrosis": 85, "stress fracture": 86, "carotid artery dissection": 87, "testicular microlithiasis": 88, "ewing's sarcoma": 89, "liver hemangioma": 90, "cervical spine fracture (unstable) with cord injury": 91, "fibrous dysplasia": 92, "adrenal myelolipoma": 93, "amyloidosis": 94, "nonossifying fibroma": 95, "extramedullary hematopoiesis": 96, "osteochondritis dissecans": 97, "hepatic adenoma": 98, "aortic dissection": 99, "myelolipoma": 100, "idiopathic synovial osteochondromatosis": 101, "aberrant right subclavian artery (arsa)": 102, "transmesenteric hernia (internal hernia), small bowel volvulus": 103, "vertebral osteomyelitis and diskitis": 104, "hepatic hemangioma": 105, "pulmonary thromboembolism": 106, "portal vein thrombosis": 107, "multiple osteochondromatosis": 108, "aspergillosis and the air-crescent sign": 109, "duodenal diverticulum": 110, "acute mesenteric ischemia": 111, "caudal regression syndrome": 112, "schwannoma": 113, "scaphoid fracture": 114, "lipomatous hypertrophy of the interatrial septum": 115, "meningioma": 116, "unicornuate uterus": 117, "sickle cell anemia": 118, "langerhan cell histiocytosis": 119, "adenomyosis": 120, "azygous lobe": 121, "acute pyelonephritis": 122, "intramedullary (intradural-intramedullary), spinal lesions": 123, "duplicated renal collecting system": 124, "endometrioma": 125, "epididymitis": 126, "lisfranc fracture-dislocation": 127, "supracondylar fracture": 128, "renal arteriovenous malformation": 129, "fractures of the base of the fifth metatarsal": 130, "diffuse rhabdomyosarcoma": 131, "nodular sclerosing hodgkin\u2019s lymphoma": 132, "adpkd -autosomal dominant polycystic kidney disease": 133, "segmental omental infarct": 134, "pneumopericardium": 135, "breast implant, \u00a0rupture, extracapsular silicone": 136, "cholelithiasis": 137, "radial head fracture": 138, "hemangioma, soft-tissue": 139, "transverse myelitis": 140, "pulmonary embolus": 141, "atlantoaxial instability": 142, "focal nodular hyperplasia": 143, "adenomyomatosis": 144, "hereditary multiple exostoses": 145, "sarcoid": 146, "crossed fused ectopia": 147, "cavernous hemangioma": 148, "kyphoplasty cement leak": 149, "endograft leak": 150, "paraesophageal hernia": 151, "pheochromocytoma, bilateral": 152, "poland's syndrome": 153, "giant cell tumor": 154, "orchitis": 155, "fat necrosis": 156, "aortic coarctation": 157, "clear cell chondrosarcoma": 158, "testicular torsion": 159, "intramedullary lipoma of the spinal cord": 160, "achilles tendon rupture": 161, "avascular necrosis of the femoral head": 162, "right c6 radiculopathy and ankylosing spondylitis": 163, "congenital carpal fusion": 164, "paget's disease": 165, "common carotid occlusion, collateral reconstitution of ipsilateral ica from vertebral artery muscular branches": 166, "takayasu arteritis": 167, "pneumothorax": 168, "incidental hepatic artery aneurysm": 169, "round atelectasis": 170, "pulmonary arteriovenous malformation (pavm)": 171, "quadriceps tendon rupture": 172, "neurofibromatosis-1, nf1, nf-1": 173, "small bowel lymphoma": 174, "odontoid fracture": 175, "ovarian torsion": 176, "talocalcaneal coalition": 177, "spondylodiskitis": 178, "non-small cell lung cancer": 179, "tethered spinal cord with terminal spinal lipoma.": 180, "osteosarcoma": 181, "abdominal abscess": 182, "hepatocellular carcinoma and bone metastasis.": 183, "meniscal tear": 184, "adenocarcinoma of the gastroesophageal junction": 185, "sickle cell disease": 186, "mesenteric adenitis": 187, "comminuted fracture of medial femoral condyle. small joint effusion.": 188, "ventriculus terminalis": 189, "transitional cell carcinoma": 190, "hydropneumothorax": 191, "bucket handle meniscal tear of the knee": 192, "necrotizing enterocolitis": 193, "duplex kidney with ectopic ureterocele": 194, "simple bone cyst": 195, "leiomyosarcoma of the inferior vena cava": 196, "pancoast tumor": 197, "thymic cyst - benign mediastinal cysts": 198, "spinal dural arteriovenous fistula": 199, "histoplasmosis": 200, "vacterl syndrome": 201, "spine, spinal stenosis": 202, "spondylodiskitis with epidural abcess of the cervical spine": 203, "syringomyelia": 204, "renal infarct": 205, "uterine fibroid embolization": 206, "bilateral perched facets c5 c6 with spinal cord injury": 207, "deep venous thrombosis": 208, "pott's disease": 209, "portal venous thrombosis": 210, "chondrocalcinosis": 211, "spinal cord abscess": 212, "omphalocele": 213, "subclavian steal syndrome": 214, "chiari i with cervical spine syrinx.": 215, "hemiazygous and azygous continuation of the inferior vena cava": 216, "cecal volvulus": 217, "multiple hereditary exostosis": 218, "multifocal bone infarcts (osteonecrosis) in a patient with systemic lupus erythematosus.": 219, "lateral femoral notch sign": 220, "basic chest imaging review, search pattern, required structures": 221, "nephrolithiasis": 222, "autosomal dominant polycystic kidney disease": 223, "hodgkin\u2019s lymphoma (nodular lymphocytic predominant)": 224, "bronchial carcinoid": 225, "germinal matrix hemorrhage": 226, "choledocholithiasis": 227, "erosive osteoarthritis": 228, "pancreatic carcinoma": 229, "foregut cyst": 230, "venous thromboembolism (vte)": 231, "spontaneous pneumomediastinum": 232, "pneumocystis jiroveci (p. carinii) pneumonia": 233, "lumbar herniated disc": 234, "mixed germ cell tumors of the testicle": 235, "inflammatory breast carcinoma": 236, "left superior vena cava": 237, "chance-type fracture": 238, "nonspecific interstitial pneumonitis": 239, "osteopoikilosis": 240, "hemophilia": 241, "wilms tumor, stage iv": 242, "parsonage-turner syndrome": 243, "foreign body aspiration": 244, "motor vehicle accidents and instrument failure": 245, "ollier's disease, enchondormatosis": 246, "lymphangioma": 247, "bilateral locked facets": 248, "killian-jamieson diverticulum": 249, "bronchiectasis": 250, "renal disease in systemic lupus erythematosus (sle) versus c3 glomerulonephritis": 251, "ganglioneuroma": 252, "dermoid cyst (cystic teratoma)": 253, "chloroma": 254, "atelectasis": 255, "acute pediatric osteomyelitis": 256, "clear cell sarcoma of the kidney": 257, "inguinal hernia involving bladder": 258, "ct evaluation of acute cholecystitis": 259, "cord infarct with secondary atrophy": 260, "lymphangitic carcinomatosis": 261, "ulcerative colitis": 262, "tension pneumothorax": 263, "large cell lymphoma, of the b-cell phenotype (cd20 positive).": 264, "mixed germ cell testicular tumor": 265, "mycotic aneurysm": 266, "pyogenic discitis": 267, "calcific tendinitis": 268, "bronchogenic carcinoma": 269, "traumatic aortic injury": 270, "ovarian dermoid (cystic teratoma)": 271, "tethered spinal cord with terminal spinal lipoma": 272, "classic bosniak class iii complex renal cyst": 273, "sequestration, intralobar bronchopulmonary": 274, "carcinoma, small cell": 275, "ependymoma cervical spinal cord": 276, "bicornuate uterus": 277, "cirrhosis of the liver": 278, "osteiitis condensans ilii": 279, "biliary leak, status post laparoscopic cholecystectomy": 280, "incarcerated diaphragmatic hernia presenting as colonic obstruction.": 281, "traumatic carotid-cavernous fistula": 282, "capillary hemangioma": 283, "amyand's hernia": 284, "abdominal compartment syndrome": 285, "malignant germ cell tumor (mixed)": 286, "hepatoblastoma": 287, "pulmonary embolus and external iliac vein thrombosis diagnosed by spiral ct": 288, "midgut malrotation": 289, "aortic nipple": 290, "paget disease of bone": 291, "hereditary hemorrhagic telangiectasia (hht) and pulmonary arteriovenous malformation (avm)- osler-weber-rendu": 292, "aneurysm, cerebral": 293, "small cell lung carcinoma (sclc)": 294, "pancreatic mucinous cystic neoplasm": 295, "seminoma": 296, "pediatric pneumonia (round pneumonia)": 297, "acute calculous cholecystitis": 298, "classical hodgkins lymphoma, nodular sclerosis subtype": 299, "diffuse idiopathic skeletal hyperostosis (dish), cervical and thoracic spine fractures": 300, "metastatic disease from colonic carcinoma": 301, "hypoplastic cervical pedicle c3 on right": 302, "aortic pseudoaneurysm": 303, "lipoma arborescens": 304, "fibromatosis coli": 305, "liposarcoma, myxoid liposarcoma": 306, "esophageal foreign body - coin ingestion": 307, "kohler's disease": 308, "torus fracture/buckle fracture of the distal radius": 309, "intramuscular hemangioma": 310, "spontaneous osteonecrosis of the knee": 311, "metastatic breast cancer to lungs - nodules": 312, "invasive lobular carcinoma": 313, "pulmonary lymphangioleiomyomatosis (lam)": 314, "pneumoperitoneum": 315, "orbit, \u00a0hemangioma": 316, "hiatus hernia": 317, "appendiceal rupture": 318, "anterior mediastinal mass differential diagnosis": 319, "renal oncocytoma": 320, "dermoid cyst": 321, "UNKNOWN": 322}