{"no": 0, "yes": 1, "pulmonary embolism": 2, "acute appendicitis": 3, "adenocarcinoma of the lung": 4, "meningioma": 5, "sarcoidosis": 6, "angiomyolipoma": 7, "osteochondroma": 8, "ankylosing spondylitis": 9, "neuroblastoma": 10, "osteomyelitis": 11, "achalasia": 12, "hiatal hernia": 13, "renal cell carcinoma": 14, "partial anomalous pulmonary venous return": 15, "diverticulitis": 16, "horseshoe kidney": 17, "spine, epidural abscess": 18, "epidural spinal hematoma": 19, "ectopic pregnancy": 20, "left aortic arch with aberrant right subclavian artery": 21, "double aortic arch": 22, "pancreatic adenocarcinoma": 23, "synovial cyst": 24, "colon cancer": 25, "crohn's disease": 26, "hypertrophic pyloric stenosis": 27, "fibrous dysplasia": 28, "enchondroma": 29, "pericardial cyst": 30, "hodgkin's lymphoma": 31, "schwannoma": 32, "c-spine fracture": 33, "dural \u00a0fistula, avf": 34, "osteoid osteoma": 35, "intraosseous lipoma": 36, "intussusception": 37, "diastematomyelia": 38, "pulmonary sequestration": 39, "rheumatoid arthritis": 40, "femoral neck stress fractures": 41, "tibial plateau fracture": 42, "mature cystic teratoma": 43, "langerhan cell histiocytosis": 44, "coarctation of the aorta": 45, "rickets": 46, "appendicitis": 47, "spinal cord astrocytoma": 48, "enlarged subarachnoid space": 49, "pulmonary sarcoidosis": 50, "epiploic appendagitis": 51, "avascular necrosis": 52, "ruptured appendicitis": 53, "duplicated inferior vena cava": 54, "ewing sarcoma": 55, "liver hemangioma": 56, "pulmonary arteriovenous malformation": 57, "osteogenesis imperfecta": 58, "tophaceous gout": 59, "empyema": 60, "aneurysmal bone cyst": 61, "nonossifying fibroma": 62, "pneumomediastinum": 63, "iatrogenic pneumoperitoneum": 64, "parathyroid adenoma": 65, "intralobar pulmonary sequestration": 66, "multiple myeloma": 67, "pheochromocytoma": 68, "right aortic arch with aberrant left subclavian artery": 69, "medullary nephrocalcinosis": 70, "infiltrating ductal carcinoma": 71, "autosomal recessive polycystic kidney disease": 72, "lung adenocarcinoma and cns metastasis": 73, "leptomeningeal sarcoid": 74, "pseudomembranous colitis": 75, "lipomatous hypertrophy of the interatrial septum": 76, "pleomorphic \u00a0xanthoastrocytoma, pxa": 77, "carotid artery dissection": 78, "aortic dissection, aortic tear": 79, "wilms tumor": 80, "endometrial polyp": 81, "abdominal aortic aneurysm": 82, "crohn disease": 83, "aberrant right subclavian artery (arsa)": 84, "osteochondritis dissecans": 85, "multiple osteochondromatosis": 86, "hepatic hemangioma": 87, "adenomyosis": 88, "ewing's sarcoma": 89, "transitional cell carcinoma, bladder": 90, "congenital cystic adenomatoid malformation": 91, "duplicated renal collecting system": 92, "aortic dissection": 93, "varicocele": 94, "aneurysm, cerebral": 95, "zenker's diverticulum": 96, "radial head fracture": 97, "pulmonary thromboembolism": 98, "traumatic transient lateral patellar dislocation.": 99, "adpkd -autosomal dominant polycystic kidney disease": 100, "scaphoid fracture": 101, "occult stress fracture": 102, "pneumonia": 103, "adrenal myelolipoma": 104, "fractures of the base of the fifth metatarsal": 105, "osteosarcoma": 106, "focal nodular hyperplasia": 107, "crossed fused ectopia": 108, "supracondylar fracture": 109, "cholelithiasis": 110, "endometrioma": 111, "hepatic adenoma": 112, "amyloidosis": 113, "extramedullary hematopoiesis": 114, "stress fracture": 115, "benign cystic teratoma": 116, "segmental omental infarct": 117, "dermoid cyst": 118, "adrenal adenoma": 119, "azygous lobe": 120, "neurofibromatosis-1, nf1, nf-1": 121, "testicular microlithiasis": 122, "cavernous hemangioma": 123, "multiple hereditary exostosis": 124, "diffuse large b-cell lymphoma": 125, "small bowel lymphoma": 126, "aspergillosis and the air-crescent sign": 127, "sickle cell anemia": 128, "cystic fibrosis": 129, "acute mesenteric ischemia": 130, "mycotic aneurysm": 131, "myelolipoma": 132, "portal vein thrombosis": 133, "hydropneumothorax": 134, "pneumopericardium": 135, "nodular sclerosing hodgkin\u2019s lymphoma": 136, "spinal dural arteriovenous fistula": 137, "bucket handle meniscal tear of the knee": 138, "histoplasmosis": 139, "pneumothorax": 140, "pulmonary embolus": 141, "simple bone cyst": 142, "hereditary multiple exostoses": 143, "intramedullary (intradural-intramedullary), spinal lesions": 144, "ovarian torsion": 145, "atlantoaxial instability": 146, "transitional cell carcinoma": 147, "takayasu arteritis": 148, "caudal regression syndrome": 149, "transmesenteric hernia (internal hernia), small bowel volvulus": 150, "hemangioma, soft-tissue": 151, "vertebral osteomyelitis and diskitis": 152, "epididymitis": 153, "necrotizing enterocolitis": 154, "fat necrosis": 155, "clear cell chondrosarcoma": 156, "cervical spine fracture (unstable) with cord injury": 157, "pheochromocytoma, bilateral": 158, "hemiazygous and azygous continuation of the inferior vena cava": 159, "kyphoplasty cement leak": 160, "abdominal abscess": 161, "talocalcaneal coalition": 162, "hepatocellular carcinoma and bone metastasis.": 163, "thymic cyst - benign mediastinal cysts": 164, "pancoast tumor": 165, "testicular torsion": 166, "acute pyelonephritis": 167, "lumbar herniated disc": 168, "breast implant, \u00a0rupture, extracapsular silicone": 169, "inflammatory breast carcinoma": 170, "aortic coarctation": 171, "avascular necrosis of the femoral head": 172, "sickle cell disease": 173, "endograft leak": 174, "diffuse rhabdomyosarcoma": 175, "renal arteriovenous malformation": 176, "lisfranc fracture-dislocation": 177, "idiopathic synovial osteochondromatosis": 178, "duodenal diverticulum": 179, "non-small cell lung cancer": 180, "quadriceps tendon rupture": 181, "congenital carpal fusion": 182, "round atelectasis": 183, "ventriculus terminalis": 184, "midgut malrotation": 185, "giant cell tumor": 186, "chondrocalcinosis": 187, "chance-type fracture": 188, "adenomyomatosis": 189, "foregut cyst": 190, "sequestration, intralobar bronchopulmonary": 191, "calcific tendinitis": 192, "orchitis": 193, "meniscal tear": 194, "bronchiectasis": 195, "traumatic aortic injury": 196, "omphalocele": 197, "right c6 radiculopathy and ankylosing spondylitis": 198, "choledocholithiasis": 199, "paget's disease": 200, "pulmonary arteriovenous malformation (pavm)": 201, "achilles tendon rupture": 202, "common carotid occlusion, collateral reconstitution of ipsilateral ica from vertebral artery muscular branches": 203, "paraesophageal hernia": 204, "unicornuate uterus": 205, "transverse myelitis": 206, "wilms tumor, stage iv": 207, "spontaneous pneumomediastinum": 208, "traumatic carotid-cavernous fistula": 209, "invasive lobular carcinoma": 210, "metastatic disease from colonic carcinoma": 211, "odontoid fracture": 212, "spondylodiskitis with epidural abcess of the cervical spine": 213, "liposarcoma, myxoid liposarcoma": 214, "inguinal hernia involving bladder": 215, "spine, spinal stenosis": 216, "comminuted fracture of medial femoral condyle. small joint effusion.": 217, "syringomyelia": 218, "pediatric pneumonia (round pneumonia)": 219, "ganglioneuroma": 220, "uterine fibroid embolization": 221, "renal disease in systemic lupus erythematosus (sle) versus c3 glomerulonephritis": 222, "chloroma": 223, "vacterl syndrome": 224, "nonspecific interstitial pneumonitis": 225, "cord infarct with secondary atrophy": 226, "mixed germ cell tumors of the testicle": 227, "tethered spinal cord with terminal spinal lipoma.": 228, "spinal cord abscess": 229, "atelectasis": 230, "bilateral perched facets c5 c6 with spinal cord injury": 231, "adenocarcinoma of the gastroesophageal junction": 232, "sarcoid": 233, "poland's syndrome": 234, "intramedullary lipoma of the spinal cord": 235, "incidental hepatic artery aneurysm": 236, "portal venous thrombosis": 237, "dermoid cyst (cystic teratoma)": 238, "acute pediatric osteomyelitis": 239, "pancreatic carcinoma": 240, "killian-jamieson diverticulum": 241, "paget disease of bone": 242, "bronchial carcinoid": 243, "renal infarct": 244, "nephrolithiasis": 245, "germinal matrix hemorrhage": 246, "pneumocystis jiroveci (p. carinii) pneumonia": 247, "aortic pseudoaneurysm": 248, "cecal volvulus": 249, "carcinoma, small cell": 250, "venous thromboembolism (vte)": 251, "left superior vena cava": 252, "hemophilia": 253, "lipoma arborescens": 254, "abdominal compartment syndrome": 255, "multifocal bone infarcts (osteonecrosis) in a patient with systemic lupus erythematosus.": 256, "pyogenic discitis": 257, "chiari i with cervical spine syrinx.": 258, "osteopoikilosis": 259, "subclavian steal syndrome": 260, "tethered spinal cord with terminal spinal lipoma": 261, "spondylodiskitis": 262, "mesenteric adenitis": 263, "duplex kidney with ectopic ureterocele": 264, "leiomyosarcoma of the inferior vena cava": 265, "hepatoblastoma": 266, "bilateral locked facets": 267, "seminoma": 268, "ulcerative colitis": 269, "diffuse idiopathic skeletal hyperostosis (dish), cervical and thoracic spine fractures": 270, "ependymoma cervical spinal cord": 271, "hereditary hemorrhagic telangiectasia (hht) and pulmonary arteriovenous malformation (avm)- osler-weber-rendu": 272, "classical hodgkins lymphoma, nodular sclerosis subtype": 273, "aortic nipple": 274, "ollier's disease, enchondormatosis": 275, "lymphangioma": 276, "esophageal foreign body - coin ingestion": 277, "foreign body aspiration": 278, "acute calculous cholecystitis": 279, "ct evaluation of acute cholecystitis": 280, "bronchogenic carcinoma": 281, "mixed germ cell testicular tumor": 282, "tension pneumothorax": 283, "motor vehicle accidents and instrument failure": 284, "parsonage-turner syndrome": 285, "lymphangitic carcinomatosis": 286, "deep venous thrombosis": 287, "pott's disease": 288, "lateral femoral notch sign": 289, "basic chest imaging review, search pattern, required structures": 290, "autosomal dominant polycystic kidney disease": 291, "hodgkin\u2019s lymphoma (nodular lymphocytic predominant)": 292, "erosive osteoarthritis": 293, "osteiitis condensans ilii": 294, "spontaneous osteonecrosis of the knee": 295, "biliary leak, status post laparoscopic cholecystectomy": 296, "bicornuate uterus": 297, "atrial septal defect": 298, "amyand's hernia": 299, "fibromatosis coli": 300, "capillary hemangioma": 301, "hypoplastic cervical pedicle c3 on right": 302, "kohler's disease": 303, "clear cell sarcoma of the kidney": 304, "large cell lymphoma, of the b-cell phenotype (cd20 positive).": 305, "ovarian dermoid (cystic teratoma)": 306, "classic bosniak class iii complex renal cyst": 307, "appendiceal rupture": 308, "renal oncocytoma": 309, "orbit, \u00a0hemangioma": 310, "pulmonary lymphangioleiomyomatosis (lam)": 311, "intramuscular hemangioma": 312, "pneumoperitoneum": 313, "anterior mediastinal mass differential diagnosis": 314, "cirrhosis of the liver": 315, "incarcerated diaphragmatic hernia presenting as colonic obstruction.": 316, "malignant germ cell tumor (mixed)": 317, "pulmonary embolus and external iliac vein thrombosis diagnosed by spiral ct": 318, "small cell lung carcinoma (sclc)": 319, "pancreatic mucinous cystic neoplasm": 320, "torus fracture/buckle fracture of the distal radius": 321, "supra-renal inferior vena cava clot": 322, "necrotizing fasciitis": 323, "hydronephrosis": 324, "granular cell tumor": 325, "stage i pulmonary sarcoidosis": 326, "metastatic breast cancer to lungs - nodules": 327, "hiatus hernia": 328, "multiple myeloma presenting originally as a solitary lesion (plasmacytoma)": 329, "spine, intradural lipoma": 330, "acl injury": 331, "UNKNOWN": 332}