{"axial": 0, "skull and contents": 1, "no": 2, "yes": 3, "sagittal": 4, "xr - plain film": 5, "musculoskeletal": 6, "coronal": 7, "gastrointestinal": 8, "lung, mediastinum, pleura": 9, "spine and contents": 10, "genitourinary": 11, "t2": 12, "ap": 13, "face, sinuses, and neck": 14, "us - ultrasound": 15, "lateral": 16, "t1": 17, "vascular and lymphatic": 18, "frontal": 19, "heart and great vessels": 20, "noncontrast": 21, "pa": 22, "contrast": 23, "mr - flair": 24, "an - angiogram": 25, "transverse": 26, "ct noncontrast": 27, "breast": 28, "flair": 29, "oblique": 30, "mr - t2 weighted": 31, "cta - ct angiography": 32, "ct with iv contrast": 33, "longitudinal": 34, "iv": 35, "ct w/contrast (iv)": 36, "mr - t1w - noncontrast": 37, "mr - dwi diffusion weighted": 38, "meningioma": 39, "mr - t1w w/gadolinium": 40, "glioblastoma multiforme": 41, "mammograph": 42, "mra - mr angiography/venography": 43, "bas - barium swallow": 44, "mr - other pulse seq.": 45, "3d reconstruction": 46, "nm - nuclear medicine": 47, "mr - pdw proton density": 48, "mr - adc map (app diff coeff)": 49, "pulmonary embolism": 50, "ugi - upper gi": 51, "arteriovenous malformation (avm)": 52, "acute appendicitis": 53, "ct with gi and iv contrast": 54, "us-d - doppler ultrasound": 55, "arachnoid cyst": 56, "schwannoma": 57, "tuberous sclerosis": 58, "gi and iv": 59, "ependymoma": 60, "fibrous dysplasia": 61, "multiple sclerosis": 62, "brain, cerebral abscess": 63, "ct - gi & iv contrast": 64, "mammo - cc": 65, "sarcoidosis": 66, "diverticulitis": 67, "langerhan cell histiocytosis": 68, "be - barium enema": 69, "acute disseminated encephalomyelitis (adem)": 70, "adenocarcinoma of the lung": 71, "diffuse large b-cell lymphoma": 72, "aneurysm, cerebral": 73, "cerebellar hemangioblastoma": 74, "avm, arterio-venous malformation, vascular malformation": 75, "mammo - mlo": 76, "brain abscess, central nervous system": 77, "craniopharyngioma": 78, "leptomeningeal carcinomatosis": 79, "cerebral infarction (stroke)": 80, "odontoid process fracture, type ii": 81, "acute disseminated encephalomyelitis": 82, "ankylosing spondylitis": 83, "dermoid cyst": 84, "astrocytoma, grading and subtypes": 85, "osteomyelitis": 86, "rickets": 87, "dnet (dysembryoplastic neuroepithelial tumor)": 88, "intracranial lipoma": 89, "medulloblastoma": 90, "intraventricular meningioma": 91, "juvenile pilocytic astrocytoma": 92, "astrocytoma, low-grade (who 2), supratentorial": 93, "posterior reversible encephalopathy syndrome (pres)": 94, "mr - t1w w/gd (fat suppressed)": 95, "sbft - small bowel": 96, "atypical teratoid/rhabdoid tumor": 97, "dural sinus thrombosis": 98, "pancreatic adenocarcinoma": 99, "pilomyxoid astrocytoma (pma), who grade 2": 100, "epidermoid cyst": 101, "intracranial hypotension": 102, "synovial cyst": 103, "colloid (neuroepithelial) cyst of the third ventricle": 104, "neuroblastoma": 105, "anoxic brain injury, anoxia": 106, "dural \u00a0fistula, avf": 107, "mr t2* gradient,gre,mpgr,swan,swi": 108, "hyperdense middle cerebral artery sign": 109, "esophageal b-cell lymphoma": 110, "spine, epidural abscess": 111, "cerebral infarction": 112, "osteoid osteoma": 113, "liver hemangioma": 114, "epidural spinal hematoma": 115, "vestibular schwannoma": 116, "adult medulloblastoma": 117, "neurosarcoid, cns sarcoid": 118, "hypertrophic pyloric stenosis": 119, "blowout fracture of orbit": 120, "malignant peripheral nerve sheath tumor (mpnst)": 121, "pilocytic astrocytoma": 122, "multiple hereditary exostosis": 123, "left aortic arch with aberrant right subclavian artery": 124, "brain abscess (gram positive cocci)": 125, "lipomatous hypertrophy of the interatrial septum": 126, "choroid plexus neoplasm, papilloma, carcinoma": 127, "tophaceous gout": 128, "pituitary apoplexy": 129, "chondrosarcoma": 130, "langerhans cell histiocytosis": 131, "torch infections": 132, "rheumatoid arthritis": 133, "vertebral artery dissection with cerebellar infarction": 134, "papillary glioneuronal tumor": 135, "enchondroma": 136, "gallbladder polyp": 137, "oropharyngeal cancer": 138, "mr - stir": 139, "ectopic pregnancy": 140, "orbital retrobulbar dermoid cyst": 141, "hodgkin's lymphoma": 142, "paradoxic embolization, patent foramen ovale, cerebral infarction": 143, "emphysematous cholecystitis": 144, "nonossifying fibroma": 145, "angiomyolipoma": 146, "acute myelogenous leukemia, aml": 147, "osteosarcoma": 148, "crossed fused ectopia": 149, "invasive lobular carcinoma": 150, "achalasia": 151, "duplicated renal collecting system": 152, "choroid plexus papilloma": 153, "toxoplasmosis": 154, "midgut malrotation": 155, "avascular necrosis": 156, "childhood brain tumors, epidemiology, demographics": 157, "rupture of cerebral abscess into the ventricular system (pyocephalus)": 158, "hypoxic/ischemic encephalopathy": 159, "pituitary macroadenoma": 160, "small bowel lymphoma": 161, "central neurocytoma": 162, "arteriovenous malformation": 163, "lobar holoprosencephaly": 164, "intracranial venous thrombosis": 165, "agenesis of the corpus callosum": 166, "duplicated inferior vena cava": 167, "radial head fracture": 168, "ependymal neoplasms, ependymoma": 169, "fronto-nasal encephalocele": 170, "carotid artery dissection": 171, "retinoblastoma": 172, "adpkd -autosomal dominant polycystic kidney disease": 173, "diastematomyelia": 174, "mycotic aneurysm": 175, "intravascular lymphomatosis": 176, "UNKNOWN": 177}