{"cta - ct angiography": 0, "no": 1, "us - ultrasound": 2, "xr - plain film": 3, "noncontrast": 4, "yes": 5, "t2": 6, "ct w/contrast (iv)": 7, "mr - flair": 8, "mammograph": 9, "ct with iv contrast": 10, "gi and iv": 11, "t1": 12, "mr - t2 weighted": 13, "mr - t1w w/gadolinium": 14, "contrast": 15, "iv": 16, "an - angiogram": 17, "mra - mr angiography/venography": 18, "nm - nuclear medicine": 19, "mr - dwi diffusion weighted": 20, "ct - gi & iv contrast": 21, "ct noncontrast": 22, "mr - other pulse seq.": 23, "ct with gi and iv contrast": 24, "flair": 25, "mr - t1w w/gd (fat suppressed)": 26, "ugi - upper gi": 27, "mr - adc map (app diff coeff)": 28, "bas - barium swallow": 29, "pet - positron emission": 30, "mr - pdw proton density": 31, "mr - t1w - noncontrast": 32, "be - barium enema": 33, "us-d - doppler ultrasound": 34, "mr - stir": 35, "mr - flair w/gd": 36, "ct with gi contrast": 37, "venogram": 38, "mr t2* gradient,gre,mpgr,swan,swi": 39, "mr - fiesta": 40, "ct - myelogram": 41, "gi": 42, "sbft - small bowel": 43, "pet-ct fusion": 44}